{
  "generatedUtc": "2026-05-27T14:08:31.030672+00:00",
  "treatments": [
    {
      "dataset": "Synthetic smartphone",
      "suite_id": "iccit-smartphone-str-20260527T073310Z",
      "dataset_sha256": "0a61890c2df7876d3960aecd26aa34aa9a80070eb27b0be37d048290c6525e71",
      "query_set_sha256": "embedded-in-csv",
      "objects_per_query": 750,
      "instances": 207860,
      "queries": 20,
      "k": 10,
      "partitions": 8,
      "baseline_ms": 41800,
      "aes_only_ms": 37050,
      "aes_only_reduction_pct": 11.363636363636363,
      "dscp_only_ms": 43303,
      "dscp_only_reduction_pct": -3.5956937799043063,
      "aes_dscp_ms": 36527,
      "aes_dscp_reduction_pct": 12.614832535885167,
      "baseline_emissions": 6358938,
      "aes_dscp_emissions": 1609878,
      "emission_reduction_pct": 74.68322540650657,
      "baseline_shuffle_bytes": 151550746,
      "aes_dscp_shuffle_bytes": 102649060,
      "shuffle_reduction_pct": 32.26753235513601,
      "full_validation": "not executed"
    },
    {
      "dataset": "Bangladesh OSM (fixed 20 queries)",
      "suite_id": "iccit-road-full-20q-20260527T094500Z",
      "dataset_sha256": "0852ba9827c99d439cf71f10cdac0eedd13e4ce8e0a9a7e1dcfe8dca8342df3c",
      "query_set_sha256": "1dc2646d960be4291ace34e8016ac3602509f046a8a48d3a369cfd9d312f4bac",
      "objects_per_query": 98451,
      "instances": 787342,
      "queries": 20,
      "k": 10,
      "partitions": 8,
      "baseline_ms": 917176,
      "aes_only_ms": 519036,
      "aes_only_reduction_pct": 43.40933474055143,
      "dscp_only_ms": 603290,
      "dscp_only_reduction_pct": 34.22309349568676,
      "aes_dscp_ms": 379637,
      "aes_dscp_reduction_pct": 58.608053416138226,
      "baseline_emissions": 123247562,
      "aes_dscp_emissions": 1406544,
      "emission_reduction_pct": 98.85876525492651,
      "baseline_shuffle_bytes": 3230578777,
      "aes_dscp_shuffle_bytes": 1622996652,
      "shuffle_reduction_pct": 49.76142778022095,
      "full_validation": "not executed"
    },
    {
      "dataset": "California/TIGER LA (exploratory 1 query)",
      "suite_id": "california-tiger-full-1q-20260527T102800Z",
      "dataset_sha256": "eb552df05c822a73e8362cdca9f442867301b61d5fcfe5e9dd8470b5216e9b2f",
      "query_set_sha256": "embedded-in-csv",
      "objects_per_query": 98451,
      "instances": 787342,
      "queries": 1,
      "k": 10,
      "partitions": 8,
      "baseline_ms": 67722,
      "aes_only_ms": 46540,
      "aes_only_reduction_pct": 31.277871297362747,
      "dscp_only_ms": 37376,
      "dscp_only_reduction_pct": 44.8096630341691,
      "aes_dscp_ms": 28906,
      "aes_dscp_reduction_pct": 57.316677003041846,
      "baseline_emissions": 10739830,
      "aes_dscp_emissions": 76376,
      "emission_reduction_pct": 99.28885280307044,
      "baseline_shuffle_bytes": 222140075,
      "aes_dscp_shuffle_bytes": 84829323,
      "shuffle_reduction_pct": 61.81268823286388,
      "full_validation": "not executed"
    }
  ],
  "streams": [
    {
      "dataset": "Synthetic smartphone (full 20 queries)",
      "run_id": "stream-smartphone-full-qos1-20260527T104000Z",
      "dataset_sha256": "0a61890c2df7876d3960aecd26aa34aa9a80070eb27b0be37d048290c6525e71",
      "algorithm": "aes-dscp",
      "messages": 207860,
      "queries": 20,
      "algorithm_ms": 51259,
      "pipeline_total_ms": 1612321,
      "e2e_rate_msg_s": "128.92",
      "bound_mode": "rai-lian-artree-selected-level-partial-reducer",
      "indexed_mbr_path": true,
      "validation": null
    },
    {
      "dataset": "Bangladesh OSM (exact 40-object transport)",
      "run_id": "stream-bangladesh-road-smoke-qos1-20260527T110800Z",
      "dataset_sha256": "63e4b3d997593f1b8018281bcb58147be95ead07e128c25180f025eb61d2cd68",
      "algorithm": "aes-dscp",
      "messages": 310,
      "queries": 1,
      "algorithm_ms": 2529,
      "pipeline_total_ms": 16181,
      "e2e_rate_msg_s": "19.16",
      "bound_mode": "rai-lian-artree-selected-level-partial-reducer",
      "indexed_mbr_path": true,
      "validation": true
    },
    {
      "dataset": "California/TIGER LA (exact 40-object transport)",
      "run_id": "stream-california-tiger-smoke-qos1-20260527T103800Z",
      "dataset_sha256": "9a4d4eb38713b09095bc068b5d347dd95cf2af75d898e3e34edc3c84cf5adf73",
      "algorithm": "aes-dscp",
      "messages": 310,
      "queries": 1,
      "algorithm_ms": 1652,
      "pipeline_total_ms": 14110,
      "e2e_rate_msg_s": "21.97",
      "bound_mode": "rai-lian-artree-selected-level-partial-reducer",
      "indexed_mbr_path": true,
      "validation": true
    }
  ],
  "claimBoundary": "same-machine Spark comparisons only; Hadoop papers are reference"
}
